profile	scene_id	frames	path
scene_02b33dfb_sam2_pi3x	02b33dfb-be2b-2d54-92d2-cd012b2b3c40	143	configs/workflows/scene_profiles/scene_02b33dfb_sam2_pi3x.json
scene_02b33e01_sam2_pi3x	02b33e01-be2b-2d54-93fb-4145a709cec5	175	configs/workflows/scene_profiles/scene_02b33e01_sam2_pi3x.json
scene_095821f7_sam2_pi3x	095821f7-e2c2-2de1-9568-b9ce59920e29	203	configs/workflows/scene_profiles/scene_095821f7_sam2_pi3x.json
scene_0958220d_sam2_pi3x	0958220d-e2c2-2de1-9710-c37018da1883	192	configs/workflows/scene_profiles/scene_0958220d_sam2_pi3x.json
scene_09582212_sam2_pi3x	09582212-e2c2-2de1-9700-fa44b14fbded	157	configs/workflows/scene_profiles/scene_09582212_sam2_pi3x.json
scene_09582225_sam2_pi3x	09582225-e2c2-2de1-9564-f6681ef5e511	162	configs/workflows/scene_profiles/scene_09582225_sam2_pi3x.json
scene_09582244_sam2_pi3x	09582244-e2c2-2de1-956c-357092d949d1	233	configs/workflows/scene_profiles/scene_09582244_sam2_pi3x.json
scene_0958224e_sam2_pi3x	0958224e-e2c2-2de1-943b-38e36345e2e7	182	configs/workflows/scene_profiles/scene_0958224e_sam2_pi3x.json
scene_0ad2d386_sam2_pi3x	0ad2d386-79e2-2212-9b40-43d081db442a	107	configs/workflows/scene_profiles/scene_0ad2d386_sam2_pi3x.json
scene_0ad2d399_sam2_pi3x	0ad2d399-79e2-2212-99cf-7a3512734bd7	285	configs/workflows/scene_profiles/scene_0ad2d399_sam2_pi3x.json
scene_0ad2d39b_sam2_pi3x	0ad2d39b-79e2-2212-99ae-830c292cd079	157	configs/workflows/scene_profiles/scene_0ad2d39b_sam2_pi3x.json
scene_0ad2d3a3_sam2_pi3x	0ad2d3a3-79e2-2212-9a51-9094be707ec2	99	configs/workflows/scene_profiles/scene_0ad2d3a3_sam2_pi3x.json
scene_0cac7536_sam2_pi3x	0cac7536-8d6f-2d13-8dc2-2f9d7aa62dc4	218	configs/workflows/scene_profiles/scene_0cac7536_sam2_pi3x.json
scene_0cac753c_sam2_pi3x	0cac753c-8d6f-2d13-8e27-e0664fc33bb9	234	configs/workflows/scene_profiles/scene_0cac753c_sam2_pi3x.json
scene_0cac7540_sam2_pi3x	0cac7540-8d6f-2d13-8eee-36ba2a428e3f	299	configs/workflows/scene_profiles/scene_0cac7540_sam2_pi3x.json
scene_0cac7549_sam2_pi3x	0cac7549-8d6f-2d13-8d56-b895956f571a	202	configs/workflows/scene_profiles/scene_0cac7549_sam2_pi3x.json
scene_0cac755e_sam2_pi3x	0cac755e-8d6f-2d13-8c6a-c0979ca34a4f	256	configs/workflows/scene_profiles/scene_0cac755e_sam2_pi3x.json
scene_0cac7574_sam2_pi3x	0cac7574-8d6f-2d13-8db6-4304f437e6d5	234	configs/workflows/scene_profiles/scene_0cac7574_sam2_pi3x.json
scene_0cac7578_sam2_pi3x	0cac7578-8d6f-2d13-8c2d-bfa7a04f8af3	299	configs/workflows/scene_profiles/scene_0cac7578_sam2_pi3x.json
scene_0cac7584_sam2_pi3x	0cac7584-8d6f-2d13-8df8-c05e4307b418	199	configs/workflows/scene_profiles/scene_0cac7584_sam2_pi3x.json
scene_0cac7597_sam2_pi3x	0cac7597-8d6f-2d13-8c9c-6f8542021d5c	171	configs/workflows/scene_profiles/scene_0cac7597_sam2_pi3x.json
scene_0cac759b_sam2_pi3x	0cac759b-8d6f-2d13-8e3b-2e3bc1ee1158	216	configs/workflows/scene_profiles/scene_0cac759b_sam2_pi3x.json
scene_0cac75a7_sam2_pi3x	0cac75a7-8d6f-2d13-8fdc-083ff44d10fb	180	configs/workflows/scene_profiles/scene_0cac75a7_sam2_pi3x.json
scene_0cac75ad_sam2_pi3x	0cac75ad-8d6f-2d13-8c74-5de4dfc4affc	106	configs/workflows/scene_profiles/scene_0cac75ad_sam2_pi3x.json
scene_0cac75c4_sam2_pi3x	0cac75c4-8d6f-2d13-8c37-fcfaf141ae5a	165	configs/workflows/scene_profiles/scene_0cac75c4_sam2_pi3x.json
scene_0cac75c8_sam2_pi3x	0cac75c8-8d6f-2d13-8c08-b3c40c58e0f7	173	configs/workflows/scene_profiles/scene_0cac75c8_sam2_pi3x.json
scene_0cac75d0_sam2_pi3x	0cac75d0-8d6f-2d13-8c26-d771a31c3f50	214	configs/workflows/scene_profiles/scene_0cac75d0_sam2_pi3x.json
scene_0cac75dc_sam2_pi3x	0cac75dc-8d6f-2d13-8d08-9c497bd6acdc	128	configs/workflows/scene_profiles/scene_0cac75dc_sam2_pi3x.json
scene_0cac75e4_sam2_pi3x	0cac75e4-8d6f-2d13-8f7c-fb5b5747d1ba	194	configs/workflows/scene_profiles/scene_0cac75e4_sam2_pi3x.json
scene_0cac75f0_sam2_pi3x	0cac75f0-8d6f-2d13-8d86-371deca33bb4	156	configs/workflows/scene_profiles/scene_0cac75f0_sam2_pi3x.json
scene_0cac75f4_sam2_pi3x	0cac75f4-8d6f-2d13-8c10-ce688f7ac0af	205	configs/workflows/scene_profiles/scene_0cac75f4_sam2_pi3x.json
scene_0cac75f6_sam2_pi3x	0cac75f6-8d6f-2d13-8d7b-dc01a394149c	128	configs/workflows/scene_profiles/scene_0cac75f6_sam2_pi3x.json
scene_0cac75fc_sam2_pi3x	0cac75fc-8d6f-2d13-8c59-13d52e366f38	117	configs/workflows/scene_profiles/scene_0cac75fc_sam2_pi3x.json
scene_0cac7602_sam2_pi3x	0cac7602-8d6f-2d13-8ca7-c26866c2e42f	138	configs/workflows/scene_profiles/scene_0cac7602_sam2_pi3x.json
scene_0cac760f_sam2_pi3x	0cac760f-8d6f-2d13-8d9d-2d8df8f8cb6e	166	configs/workflows/scene_profiles/scene_0cac760f_sam2_pi3x.json
scene_0cac7623_sam2_pi3x	0cac7623-8d6f-2d13-8da0-462e7fc0bea2	209	configs/workflows/scene_profiles/scene_0cac7623_sam2_pi3x.json
scene_0cac7627_sam2_pi3x	0cac7627-8d6f-2d13-8eac-41764b5f2c5b	13	configs/workflows/scene_profiles/scene_0cac7627_sam2_pi3x.json
scene_0cac7633_sam2_pi3x	0cac7633-8d6f-2d13-8e91-8b46e2b70f34	229	configs/workflows/scene_profiles/scene_0cac7633_sam2_pi3x.json
scene_0cac7635_sam2_pi3x	0cac7635-8d6f-2d13-8ea5-25f4dc197d1d	194	configs/workflows/scene_profiles/scene_0cac7635_sam2_pi3x.json
scene_0cac763b_sam2_pi3x	0cac763b-8d6f-2d13-8c67-de3d97b48d39	126	configs/workflows/scene_profiles/scene_0cac763b_sam2_pi3x.json
scene_0cac7642_sam2_pi3x	0cac7642-8d6f-2d13-8f9f-eb19016049fa	136	configs/workflows/scene_profiles/scene_0cac7642_sam2_pi3x.json
scene_0cac7648_sam2_pi3x	0cac7648-8d6f-2d13-8e30-76663c19baa4	127	configs/workflows/scene_profiles/scene_0cac7648_sam2_pi3x.json
scene_0cac764c_sam2_pi3x	0cac764c-8d6f-2d13-8fec-15edfc3e53ad	207	configs/workflows/scene_profiles/scene_0cac764c_sam2_pi3x.json
scene_0cac7654_sam2_pi3x	0cac7654-8d6f-2d13-8e68-ddd1767454ad	146	configs/workflows/scene_profiles/scene_0cac7654_sam2_pi3x.json
scene_0cac7664_sam2_pi3x	0cac7664-8d6f-2d13-8e1d-b97c9ab20b12	152	configs/workflows/scene_profiles/scene_0cac7664_sam2_pi3x.json
scene_0cac766c_sam2_pi3x	0cac766c-8d6f-2d13-8cde-44c997b5e8a7	236	configs/workflows/scene_profiles/scene_0cac766c_sam2_pi3x.json
scene_0cac7676_sam2_pi3x	0cac7676-8d6f-2d13-8f3a-d7bf7f03e721	222	configs/workflows/scene_profiles/scene_0cac7676_sam2_pi3x.json
scene_0cac767c_sam2_pi3x	0cac767c-8d6f-2d13-8e22-50ba98af68e6	170	configs/workflows/scene_profiles/scene_0cac767c_sam2_pi3x.json
scene_0cac767e_sam2_pi3x	0cac767e-8d6f-2d13-8d1a-d5e9b184df15	288	configs/workflows/scene_profiles/scene_0cac767e_sam2_pi3x.json
scene_0cac7680_sam2_pi3x	0cac7680-8d6f-2d13-8e05-f6da6172d239	131	configs/workflows/scene_profiles/scene_0cac7680_sam2_pi3x.json
scene_0cac768c_sam2_pi3x	0cac768c-8d6f-2d13-8cc8-7ace156fc3e7	5	configs/workflows/scene_profiles/scene_0cac768c_sam2_pi3x.json
scene_0cf75f4b_sam2_pi3x	0cf75f4b-564d-23f5-899f-ff97701d3f3b	196	configs/workflows/scene_profiles/scene_0cf75f4b_sam2_pi3x.json
scene_0f2f2711_sam2_pi3x	0f2f2711-b736-2f71-8c6a-245a9d820a8c	249	configs/workflows/scene_profiles/scene_0f2f2711_sam2_pi3x.json
scene_0f2f271b_sam2_pi3x	0f2f271b-b736-2f71-8f3a-e9265463abcb	233	configs/workflows/scene_profiles/scene_0f2f271b_sam2_pi3x.json
scene_10b17936_sam2_pi3x	10b17936-3938-2467-88ba-ba5fe2debf14	111	configs/workflows/scene_profiles/scene_10b17936_sam2_pi3x.json
scene_10b17940_sam2_pi3x	10b17940-3938-2467-8a7a-958300ba83d3	120	configs/workflows/scene_profiles/scene_10b17940_sam2_pi3x.json
scene_10b17942_sam2_pi3x	10b17942-3938-2467-8933-5d40ada6d445	139	configs/workflows/scene_profiles/scene_10b17942_sam2_pi3x.json
scene_10b1795b_sam2_pi3x	10b1795b-3938-2467-88fe-b10cad8913f8	113	configs/workflows/scene_profiles/scene_10b1795b_sam2_pi3x.json
scene_10b1795f_sam2_pi3x	10b1795f-3938-2467-8aa6-c985377d32fb	140	configs/workflows/scene_profiles/scene_10b1795f_sam2_pi3x.json
scene_13124cad_sam2_pi3x	13124cad-cec3-27a6-857f-914a832a87c3	243	configs/workflows/scene_profiles/scene_13124cad_sam2_pi3x.json
scene_13124cb2_sam2_pi3x	13124cb2-cec3-27a6-8583-cc0a9d6d1a9a	197	configs/workflows/scene_profiles/scene_13124cb2_sam2_pi3x.json
scene_13124cbe_sam2_pi3x	13124cbe-cec3-27a6-8745-6e02a03494d2	119	configs/workflows/scene_profiles/scene_13124cbe_sam2_pi3x.json
scene_13124cc0_sam2_pi3x	13124cc0-cec3-27a6-84bd-1f56cb6d11a8	127	configs/workflows/scene_profiles/scene_13124cc0_sam2_pi3x.json
scene_13af338e_sam2_pi3x	13af338e-7397-2e54-84fc-fa003f91ac0c	78	configs/workflows/scene_profiles/scene_13af338e_sam2_pi3x.json
scene_1713f852_sam2_pi3x	1713f852-5300-2104-8658-73b77b66af61	279	configs/workflows/scene_profiles/scene_1713f852_sam2_pi3x.json
scene_1776ad7c_sam2_pi3x	1776ad7c-4db7-2333-88b3-edb7a9803f6f	113	configs/workflows/scene_profiles/scene_1776ad7c_sam2_pi3x.json
scene_1776ad7e_sam2_pi3x	1776ad7e-4db7-2333-89e1-66854e82170c	40	configs/workflows/scene_profiles/scene_1776ad7e_sam2_pi3x.json
scene_185d7423_sam2_pi3x	185d7423-3698-223c-8879-80ad9339afce	174	configs/workflows/scene_profiles/scene_185d7423_sam2_pi3x.json
scene_18d4d91f_sam2_pi3x	18d4d91f-7eb5-280e-8757-1eb6f43ecfd2	221	configs/workflows/scene_profiles/scene_18d4d91f_sam2_pi3x.json
scene_18d4d922_sam2_pi3x	18d4d922-7eb5-280e-87bb-af3229fb1f13	172	configs/workflows/scene_profiles/scene_18d4d922_sam2_pi3x.json
scene_18d4d926_sam2_pi3x	18d4d926-7eb5-280e-87df-199e66f2babd	231	configs/workflows/scene_profiles/scene_18d4d926_sam2_pi3x.json
scene_1c211546_sam2_pi3x	1c211546-f201-2d25-862b-6323518ec6e1	230	configs/workflows/scene_profiles/scene_1c211546_sam2_pi3x.json
scene_1d233fe8_sam2_pi3x	1d233fe8-e280-2b1a-8fac-c3646a1cd64a	191	configs/workflows/scene_profiles/scene_1d233fe8_sam2_pi3x.json
scene_1d233ff0_sam2_pi3x	1d233ff0-e280-2b1a-8c10-2af29c344ee3	231	configs/workflows/scene_profiles/scene_1d233ff0_sam2_pi3x.json
scene_1d233ff6_sam2_pi3x	1d233ff6-e280-2b1a-8ed5-3eec62f9bb3f	179	configs/workflows/scene_profiles/scene_1d233ff6_sam2_pi3x.json
scene_1d233ffe_sam2_pi3x	1d233ffe-e280-2b1a-8f1e-7ddb66c98d36	184	configs/workflows/scene_profiles/scene_1d233ffe_sam2_pi3x.json
scene_1d234002_sam2_pi3x	1d234002-e280-2b1a-8c8d-6aafb5b35a24	46	configs/workflows/scene_profiles/scene_1d234002_sam2_pi3x.json
scene_1d234004_sam2_pi3x	1d234004-e280-2b1a-8ec8-560046b9fc96	172	configs/workflows/scene_profiles/scene_1d234004_sam2_pi3x.json
scene_1d234006_sam2_pi3x	1d234006-e280-2b1a-8e34-b2f670259e8d	63	configs/workflows/scene_profiles/scene_1d234006_sam2_pi3x.json
scene_1d234010_sam2_pi3x	1d234010-e280-2b1a-8da8-205855a16b6b	138	configs/workflows/scene_profiles/scene_1d234010_sam2_pi3x.json
scene_1d234018_sam2_pi3x	1d234018-e280-2b1a-8f22-da2b997865e8	290	configs/workflows/scene_profiles/scene_1d234018_sam2_pi3x.json
scene_1d23401e_sam2_pi3x	1d23401e-e280-2b1a-8cef-f28df9df2618	167	configs/workflows/scene_profiles/scene_1d23401e_sam2_pi3x.json
scene_1d234022_sam2_pi3x	1d234022-e280-2b1a-8cec-e9787bb0d7b2	121	configs/workflows/scene_profiles/scene_1d234022_sam2_pi3x.json
scene_1d2f8516_sam2_pi3x	1d2f8516-d757-207c-8e08-5fef80bf34d8	209	configs/workflows/scene_profiles/scene_1d2f8516_sam2_pi3x.json
scene_1dd7209f_sam2_pi3x	1dd7209f-2ba0-22d9-8b9e-b5e270b2580f	181	configs/workflows/scene_profiles/scene_1dd7209f_sam2_pi3x.json
scene_20c993a1_sam2_pi3x	20c993a1-698f-29c5-8716-5a937fdd879a	130	configs/workflows/scene_profiles/scene_20c993a1_sam2_pi3x.json
scene_20c993b1_sam2_pi3x	20c993b1-698f-29c5-865d-3a86c19acb3b	262	configs/workflows/scene_profiles/scene_20c993b1_sam2_pi3x.json
scene_20c993b7_sam2_pi3x	20c993b7-698f-29c5-847d-c8cb8a685f5a	63	configs/workflows/scene_profiles/scene_20c993b7_sam2_pi3x.json
scene_20c993bb_sam2_pi3x	20c993bb-698f-29c5-8569-0db38352364f	58	configs/workflows/scene_profiles/scene_20c993bb_sam2_pi3x.json
scene_20c993c1_sam2_pi3x	20c993c1-698f-29c5-86b8-50a2a0907e2b	216	configs/workflows/scene_profiles/scene_20c993c1_sam2_pi3x.json
scene_20c993c5_sam2_pi3x	20c993c5-698f-29c5-8604-3248ede4091f	1	configs/workflows/scene_profiles/scene_20c993c5_sam2_pi3x.json
scene_20c993c9_sam2_pi3x	20c993c9-698f-29c5-850e-2a93df894437	285	configs/workflows/scene_profiles/scene_20c993c9_sam2_pi3x.json
scene_22312382_sam2_pi3x	22312382-b828-2c09-9267-bad5dd60ac79	34	configs/workflows/scene_profiles/scene_22312382_sam2_pi3x.json
scene_2e36952b_sam2_pi3x	2e36952b-e133-204c-911e-7644cb34e8b2	204	configs/workflows/scene_profiles/scene_2e36952b_sam2_pi3x.json
scene_2e36953b_sam2_pi3x	2e36953b-e133-204c-931b-a2cf0f93fed6	87	configs/workflows/scene_profiles/scene_2e36953b_sam2_pi3x.json
scene_2e36954b_sam2_pi3x	2e36954b-e133-204c-92ad-1a66c6f63e1a	117	configs/workflows/scene_profiles/scene_2e36954b_sam2_pi3x.json
scene_2e36955d_sam2_pi3x	2e36955d-e133-204c-90da-122ae14d42a3	105	configs/workflows/scene_profiles/scene_2e36955d_sam2_pi3x.json
scene_321c8680_sam2_pi3x	321c8680-a5a8-2a84-85c2-816a26d59516	210	configs/workflows/scene_profiles/scene_321c8680_sam2_pi3x.json
scene_352e9c36_sam2_pi3x	352e9c36-69fb-27a7-889f-69b450a22b74	267	configs/workflows/scene_profiles/scene_352e9c36_sam2_pi3x.json
scene_352e9c3e_sam2_pi3x	352e9c3e-69fb-27a7-8976-a6860f84f876	256	configs/workflows/scene_profiles/scene_352e9c3e_sam2_pi3x.json
scene_352e9c40_sam2_pi3x	352e9c40-69fb-27a7-8a6d-d2ca32644e09	208	configs/workflows/scene_profiles/scene_352e9c40_sam2_pi3x.json
scene_352e9c46_sam2_pi3x	352e9c46-69fb-27a7-8b1d-bc83c253c676	29	configs/workflows/scene_profiles/scene_352e9c46_sam2_pi3x.json
scene_352e9c57_sam2_pi3x	352e9c57-69fb-27a7-8bc7-4cf12e417e21	107	configs/workflows/scene_profiles/scene_352e9c57_sam2_pi3x.json
scene_355465d0_sam2_pi3x	355465d0-d29b-29f9-94f2-7707ac505bae	61	configs/workflows/scene_profiles/scene_355465d0_sam2_pi3x.json
scene_355465d4_sam2_pi3x	355465d4-d29b-29f9-9550-e366a10d6924	53	configs/workflows/scene_profiles/scene_355465d4_sam2_pi3x.json
scene_41385827_sam2_pi3x	41385827-a238-2435-8320-d8d3eb507f5e	260	configs/workflows/scene_profiles/scene_41385827_sam2_pi3x.json
scene_4138584b_sam2_pi3x	4138584b-a238-2435-8128-a939fb07c1c8	239	configs/workflows/scene_profiles/scene_4138584b_sam2_pi3x.json
scene_422885af_sam2_pi3x	422885af-192d-25fc-8651-420062adb475	130	configs/workflows/scene_profiles/scene_422885af_sam2_pi3x.json
scene_422885b3_sam2_pi3x	422885b3-192d-25fc-84c9-9b80eea1752d	164	configs/workflows/scene_profiles/scene_422885b3_sam2_pi3x.json
scene_422885b9_sam2_pi3x	422885b9-192d-25fc-84f4-6f7c1afd29af	133	configs/workflows/scene_profiles/scene_422885b9_sam2_pi3x.json
scene_422885bd_sam2_pi3x	422885bd-192d-25fc-8571-abff2237f383	117	configs/workflows/scene_profiles/scene_422885bd_sam2_pi3x.json
scene_422885bf_sam2_pi3x	422885bf-192d-25fc-8509-1fd7def9cc19	72	configs/workflows/scene_profiles/scene_422885bf_sam2_pi3x.json
scene_422885c3_sam2_pi3x	422885c3-192d-25fc-844a-645180810bfd	141	configs/workflows/scene_profiles/scene_422885c3_sam2_pi3x.json
scene_422885c7_sam2_pi3x	422885c7-192d-25fc-85f5-67ba0d80ade5	116	configs/workflows/scene_profiles/scene_422885c7_sam2_pi3x.json
scene_422885ce_sam2_pi3x	422885ce-192d-25fc-851a-df2d675a6559	224	configs/workflows/scene_profiles/scene_422885ce_sam2_pi3x.json
scene_4238490c_sam2_pi3x	4238490c-60a7-271e-9f38-3c651e3b3912	200	configs/workflows/scene_profiles/scene_4238490c_sam2_pi3x.json
scene_43b8cae9_sam2_pi3x	43b8cae9-6678-2e38-9bc2-8c31ab832242	192	configs/workflows/scene_profiles/scene_43b8cae9_sam2_pi3x.json
scene_43b8caed_sam2_pi3x	43b8caed-6678-2e38-98f8-a76f51ef79af	42	configs/workflows/scene_profiles/scene_43b8caed_sam2_pi3x.json
scene_43b8caf3_sam2_pi3x	43b8caf3-6678-2e38-99da-2aeb70cf8e95	93	configs/workflows/scene_profiles/scene_43b8caf3_sam2_pi3x.json
scene_48005c65_sam2_pi3x	48005c65-7d67-29ec-85e0-6a925eb15a27	135	configs/workflows/scene_profiles/scene_48005c65_sam2_pi3x.json
scene_48699c02_sam2_pi3x	48699c02-d4a2-2f10-81c3-552d06ffcbb8	221	configs/workflows/scene_profiles/scene_48699c02_sam2_pi3x.json
scene_4d3d829e_sam2_pi3x	4d3d829e-8cf4-2e04-8318-b76f02d91c93	250	configs/workflows/scene_profiles/scene_4d3d829e_sam2_pi3x.json
scene_4d3d82a2_sam2_pi3x	4d3d82a2-8cf4-2e04-810b-7634c83eed98	81	configs/workflows/scene_profiles/scene_4d3d82a2_sam2_pi3x.json
scene_4d3d82a6_sam2_pi3x	4d3d82a6-8cf4-2e04-828b-ceb5235b58a8	79	configs/workflows/scene_profiles/scene_4d3d82a6_sam2_pi3x.json
scene_4d3d82b0_sam2_pi3x	4d3d82b0-8cf4-2e04-80a8-c955ea964c2f	264	configs/workflows/scene_profiles/scene_4d3d82b0_sam2_pi3x.json
scene_4e858c81_sam2_pi3x	4e858c81-fd93-2cb4-8469-d9226116b5de	126	configs/workflows/scene_profiles/scene_4e858c81_sam2_pi3x.json
scene_4e858c8f_sam2_pi3x	4e858c8f-fd93-2cb4-8676-36cea7ef23cc	81	configs/workflows/scene_profiles/scene_4e858c8f_sam2_pi3x.json
scene_4e858c93_sam2_pi3x	4e858c93-fd93-2cb4-86d6-12f652012a40	124	configs/workflows/scene_profiles/scene_4e858c93_sam2_pi3x.json
scene_501ebf0b_sam2_pi3x	501ebf0b-a3bb-263f-86fd-7ef000a19588	59	configs/workflows/scene_profiles/scene_501ebf0b_sam2_pi3x.json
scene_5341b79f_sam2_pi3x	5341b79f-8a66-2cdd-84d5-6dba6525dd75	157	configs/workflows/scene_profiles/scene_5341b79f_sam2_pi3x.json
scene_5341b7af_sam2_pi3x	5341b7af-8a66-2cdd-8431-8c73b0c10878	159	configs/workflows/scene_profiles/scene_5341b7af_sam2_pi3x.json
scene_5341b7bf_sam2_pi3x	5341b7bf-8a66-2cdd-8794-026113b7c312	205	configs/workflows/scene_profiles/scene_5341b7bf_sam2_pi3x.json
scene_5341b7c1_sam2_pi3x	5341b7c1-8a66-2cdd-853b-598d8f2780ce	158	configs/workflows/scene_profiles/scene_5341b7c1_sam2_pi3x.json
scene_5341b7c3_sam2_pi3x	5341b7c3-8a66-2cdd-8651-225a7489523a	174	configs/workflows/scene_profiles/scene_5341b7c3_sam2_pi3x.json
scene_5341b7d3_sam2_pi3x	5341b7d3-8a66-2cdd-8633-0a3da632befa	272	configs/workflows/scene_profiles/scene_5341b7d3_sam2_pi3x.json
scene_5341b7d9_sam2_pi3x	5341b7d9-8a66-2cdd-844b-cfdadb69ed63	255	configs/workflows/scene_profiles/scene_5341b7d9_sam2_pi3x.json
scene_5341b7db_sam2_pi3x	5341b7db-8a66-2cdd-85c5-66dbe881bd5f	241	configs/workflows/scene_profiles/scene_5341b7db_sam2_pi3x.json
scene_5341b7dd_sam2_pi3x	5341b7dd-8a66-2cdd-8789-886081e65f53	232	configs/workflows/scene_profiles/scene_5341b7dd_sam2_pi3x.json
scene_5341b7e1_sam2_pi3x	5341b7e1-8a66-2cdd-87a3-02aad508ff86	190	configs/workflows/scene_profiles/scene_5341b7e1_sam2_pi3x.json
scene_5341b7e3_sam2_pi3x	5341b7e3-8a66-2cdd-8709-66a2159f0017	277	configs/workflows/scene_profiles/scene_5341b7e3_sam2_pi3x.json
scene_5341b7e7_sam2_pi3x	5341b7e7-8a66-2cdd-87ce-86596253cfa4	265	configs/workflows/scene_profiles/scene_5341b7e7_sam2_pi3x.json
scene_5341b7e9_sam2_pi3x	5341b7e9-8a66-2cdd-86a9-62cf7da55c0a	196	configs/workflows/scene_profiles/scene_5341b7e9_sam2_pi3x.json
scene_54b263a3_sam2_pi3x	54b263a3-0199-2df4-87db-40539528902d	201	configs/workflows/scene_profiles/scene_54b263a3_sam2_pi3x.json
scene_55551077_sam2_pi3x	55551077-36f1-29c0-89ec-2e7690991cb2	92	configs/workflows/scene_profiles/scene_55551077_sam2_pi3x.json
scene_5555107f_sam2_pi3x	5555107f-36f1-29c0-8903-9b66fb2301d0	106	configs/workflows/scene_profiles/scene_5555107f_sam2_pi3x.json
scene_5555108d_sam2_pi3x	5555108d-36f1-29c0-8b37-5efa2bef59d4	192	configs/workflows/scene_profiles/scene_5555108d_sam2_pi3x.json
scene_5630cfcd_sam2_pi3x	5630cfcd-12bf-2860-87f0-65937859709c	244	configs/workflows/scene_profiles/scene_5630cfcd_sam2_pi3x.json
scene_5630cfcf_sam2_pi3x	5630cfcf-12bf-2860-8784-83d28a611a83	240	configs/workflows/scene_profiles/scene_5630cfcf_sam2_pi3x.json
scene_5630cfdc_sam2_pi3x	5630cfdc-12bf-2860-87b7-c7eab95718be	127	configs/workflows/scene_profiles/scene_5630cfdc_sam2_pi3x.json
scene_569d8f05_sam2_pi3x	569d8f05-72aa-2f24-899c-58b243c8189d	150	configs/workflows/scene_profiles/scene_569d8f05_sam2_pi3x.json
scene_569d8f09_sam2_pi3x	569d8f09-72aa-2f24-887c-26497a35f26a	296	configs/workflows/scene_profiles/scene_569d8f09_sam2_pi3x.json
scene_56d957ed_sam2_pi3x	56d957ed-0184-2301-8f4f-616c3b537e45	87	configs/workflows/scene_profiles/scene_56d957ed_sam2_pi3x.json
scene_634d11cd_sam2_pi3x	634d11cd-6833-255d-8c5c-2b0cf661494a	206	configs/workflows/scene_profiles/scene_634d11cd_sam2_pi3x.json
scene_634d11d5_sam2_pi3x	634d11d5-6833-255d-8d0a-c0da83387d01	175	configs/workflows/scene_profiles/scene_634d11d5_sam2_pi3x.json
scene_68bae76e_sam2_pi3x	68bae76e-3567-2f7c-82bd-a09641695364	191	configs/workflows/scene_profiles/scene_68bae76e_sam2_pi3x.json
scene_68bae772_sam2_pi3x	68bae772-3567-2f7c-804c-d77a47cdc508	122	configs/workflows/scene_profiles/scene_68bae772_sam2_pi3x.json
scene_6a360523_sam2_pi3x	6a360523-fa53-2915-9506-4b95fa02cc56	119	configs/workflows/scene_profiles/scene_6a360523_sam2_pi3x.json
scene_6a36052d_sam2_pi3x	6a36052d-fa53-2915-9764-30d81b2cc2b5	51	configs/workflows/scene_profiles/scene_6a36052d_sam2_pi3x.json
scene_6a36054b_sam2_pi3x	6a36054b-fa53-2915-946e-4ec15f811f6e	29	configs/workflows/scene_profiles/scene_6a36054b_sam2_pi3x.json
scene_6a360555_sam2_pi3x	6a360555-fa53-2915-9721-bff473f98125	52	configs/workflows/scene_profiles/scene_6a360555_sam2_pi3x.json
scene_6a360567_sam2_pi3x	6a360567-fa53-2915-9617-da8aa432752d	35	configs/workflows/scene_profiles/scene_6a360567_sam2_pi3x.json
scene_6bde6043_sam2_pi3x	6bde6043-9162-246f-8e11-613aba0df55c	84	configs/workflows/scene_profiles/scene_6bde6043_sam2_pi3x.json
scene_6bde604b_sam2_pi3x	6bde604b-9162-246f-8fb2-2dea80e7fb4c	181	configs/workflows/scene_profiles/scene_6bde604b_sam2_pi3x.json
scene_6bde6053_sam2_pi3x	6bde6053-9162-246f-8d5d-54e5e3dd721d	104	configs/workflows/scene_profiles/scene_6bde6053_sam2_pi3x.json
scene_6bde6055_sam2_pi3x	6bde6055-9162-246f-8f44-e3efc21c9e14	107	configs/workflows/scene_profiles/scene_6bde6055_sam2_pi3x.json
scene_6bde605b_sam2_pi3x	6bde605b-9162-246f-8f73-3a0e3627db01	153	configs/workflows/scene_profiles/scene_6bde605b_sam2_pi3x.json
scene_6bde6070_sam2_pi3x	6bde6070-9162-246f-8ea9-c8bbe5d7133a	185	configs/workflows/scene_profiles/scene_6bde6070_sam2_pi3x.json
scene_6bde6079_sam2_pi3x	6bde6079-9162-246f-8fad-d8f2358bd413	138	configs/workflows/scene_profiles/scene_6bde6079_sam2_pi3x.json
scene_6bde6081_sam2_pi3x	6bde6081-9162-246f-8c4e-ffaf709d17b1	118	configs/workflows/scene_profiles/scene_6bde6081_sam2_pi3x.json
scene_6bde608b_sam2_pi3x	6bde608b-9162-246f-8d16-901b429b2563	84	configs/workflows/scene_profiles/scene_6bde608b_sam2_pi3x.json
scene_6bde608d_sam2_pi3x	6bde608d-9162-246f-8dde-3f158d134d50	82	configs/workflows/scene_profiles/scene_6bde608d_sam2_pi3x.json
scene_6bde6091_sam2_pi3x	6bde6091-9162-246f-8ea8-fdfd6c0a7f77	91	configs/workflows/scene_profiles/scene_6bde6091_sam2_pi3x.json
scene_6bde609b_sam2_pi3x	6bde609b-9162-246f-8f90-c3d2444a5ab8	66	configs/workflows/scene_profiles/scene_6bde609b_sam2_pi3x.json
scene_6bde609d_sam2_pi3x	6bde609d-9162-246f-8e6e-a3f462f77042	177	configs/workflows/scene_profiles/scene_6bde609d_sam2_pi3x.json
scene_6bde60a3_sam2_pi3x	6bde60a3-9162-246f-8ca3-48f7e86e95b8	173	configs/workflows/scene_profiles/scene_6bde60a3_sam2_pi3x.json
scene_6bde60a9_sam2_pi3x	6bde60a9-9162-246f-8f1a-2441db12c4d1	214	configs/workflows/scene_profiles/scene_6bde60a9_sam2_pi3x.json
scene_6bde60ba_sam2_pi3x	6bde60ba-9162-246f-8eaf-b462f3cf6234	152	configs/workflows/scene_profiles/scene_6bde60ba_sam2_pi3x.json
scene_6bde60c0_sam2_pi3x	6bde60c0-9162-246f-8d1f-32543babecfb	295	configs/workflows/scene_profiles/scene_6bde60c0_sam2_pi3x.json
scene_6bde60cb_sam2_pi3x	6bde60cb-9162-246f-8cf5-d04f7426e56f	127	configs/workflows/scene_profiles/scene_6bde60cb_sam2_pi3x.json
scene_6bde60d2_sam2_pi3x	6bde60d2-9162-246f-8dbf-dbd911924def	56	configs/workflows/scene_profiles/scene_6bde60d2_sam2_pi3x.json
scene_6bde60d8_sam2_pi3x	6bde60d8-9162-246f-8f11-834bec23f91e	119	configs/workflows/scene_profiles/scene_6bde60d8_sam2_pi3x.json
scene_6bde60e0_sam2_pi3x	6bde60e0-9162-246f-8df9-b07dc8fa8ddf	169	configs/workflows/scene_profiles/scene_6bde60e0_sam2_pi3x.json
scene_6ed38500_sam2_pi3x	6ed38500-7db9-2d45-810c-865e82827b54	188	configs/workflows/scene_profiles/scene_6ed38500_sam2_pi3x.json
scene_7272e161_sam2_pi3x	7272e161-a01b-20f6-8b5a-0b97efeb6545	151	configs/workflows/scene_profiles/scene_7272e161_sam2_pi3x.json
scene_742e8f15_sam2_pi3x	742e8f15-be0a-294e-9ebb-6c72dbcb9662	247	configs/workflows/scene_profiles/scene_742e8f15_sam2_pi3x.json
scene_75c25973_sam2_pi3x	75c25973-9ca2-2844-96f4-90cd531364ac	237	configs/workflows/scene_profiles/scene_75c25973_sam2_pi3x.json
scene_75c25975_sam2_pi3x	75c25975-9ca2-2844-9769-84677f46d4cf	129	configs/workflows/scene_profiles/scene_75c25975_sam2_pi3x.json
scene_75c259a1_sam2_pi3x	75c259a1-9ca2-2844-973c-adc28f935d5d	226	configs/workflows/scene_profiles/scene_75c259a1_sam2_pi3x.json
scene_77361fbc_sam2_pi3x	77361fbc-d054-2a22-8bd1-20da69ee28dc	80	configs/workflows/scene_profiles/scene_77361fbc_sam2_pi3x.json
scene_77361fc2_sam2_pi3x	77361fc2-d054-2a22-8ae5-c56022c5e974	234	configs/workflows/scene_profiles/scene_77361fc2_sam2_pi3x.json
scene_77361fc6_sam2_pi3x	77361fc6-d054-2a22-8971-e4faf5504a44	202	configs/workflows/scene_profiles/scene_77361fc6_sam2_pi3x.json
scene_77361fca_sam2_pi3x	77361fca-d054-2a22-8974-547ca1fbb90f	96	configs/workflows/scene_profiles/scene_77361fca_sam2_pi3x.json
scene_77361fce_sam2_pi3x	77361fce-d054-2a22-8bb2-a870ab051854	100	configs/workflows/scene_profiles/scene_77361fce_sam2_pi3x.json
scene_77361fd0_sam2_pi3x	77361fd0-d054-2a22-8b5a-9d2acada2031	82	configs/workflows/scene_profiles/scene_77361fd0_sam2_pi3x.json
scene_7ab2a9c9_sam2_pi3x	7ab2a9c9-ebc6-2056-89b6-c78dbb4290d3	297	configs/workflows/scene_profiles/scene_7ab2a9c9_sam2_pi3x.json
scene_7ab2a9d1_sam2_pi3x	7ab2a9d1-ebc6-2056-8880-07b5c7404d58	247	configs/workflows/scene_profiles/scene_7ab2a9d1_sam2_pi3x.json
scene_80b8588f_sam2_pi3x	80b8588f-4a8d-222f-8712-eaa02a5450a9	157	configs/workflows/scene_profiles/scene_80b8588f_sam2_pi3x.json
scene_87e6cf71_sam2_pi3x	87e6cf71-9d1a-289f-8510-bddeda7aaad8	159	configs/workflows/scene_profiles/scene_87e6cf71_sam2_pi3x.json
scene_87e6cf7b_sam2_pi3x	87e6cf7b-9d1a-289f-8692-57e5757dac99	116	configs/workflows/scene_profiles/scene_87e6cf7b_sam2_pi3x.json
scene_8e0f1c28_sam2_pi3x	8e0f1c28-9e28-2339-8584-ff06ff93c341	88	configs/workflows/scene_profiles/scene_8e0f1c28_sam2_pi3x.json
scene_8eabc414_sam2_pi3x	8eabc414-5af7-2f32-8797-72769173455b	108	configs/workflows/scene_profiles/scene_8eabc414_sam2_pi3x.json
scene_8eabc42c_sam2_pi3x	8eabc42c-5af7-2f32-87c4-bf646779aa62	296	configs/workflows/scene_profiles/scene_8eabc42c_sam2_pi3x.json
scene_8eabc44b_sam2_pi3x	8eabc44b-5af7-2f32-8553-18fd693ab49f	90	configs/workflows/scene_profiles/scene_8eabc44b_sam2_pi3x.json
scene_8eabc451_sam2_pi3x	8eabc451-5af7-2f32-87b5-026aa18e3190	82	configs/workflows/scene_profiles/scene_8eabc451_sam2_pi3x.json
scene_8eabc45a_sam2_pi3x	8eabc45a-5af7-2f32-85ed-572ae21920df	127	configs/workflows/scene_profiles/scene_8eabc45a_sam2_pi3x.json
scene_8eabc45f_sam2_pi3x	8eabc45f-5af7-2f32-8528-640861d2a135	246	configs/workflows/scene_profiles/scene_8eabc45f_sam2_pi3x.json
scene_8eabc463_sam2_pi3x	8eabc463-5af7-2f32-8537-22977a89efdd	70	configs/workflows/scene_profiles/scene_8eabc463_sam2_pi3x.json
scene_8eabc469_sam2_pi3x	8eabc469-5af7-2f32-840f-c1be88e46c62	58	configs/workflows/scene_profiles/scene_8eabc469_sam2_pi3x.json
scene_8f0f1437_sam2_pi3x	8f0f1437-55de-28ce-828e-dbf210a7f472	156	configs/workflows/scene_profiles/scene_8f0f1437_sam2_pi3x.json
scene_8f0f144b_sam2_pi3x	8f0f144b-55de-28ce-8053-2828b87a0cc9	103	configs/workflows/scene_profiles/scene_8f0f144b_sam2_pi3x.json
scene_8f0f1467_sam2_pi3x	8f0f1467-55de-28ce-8331-b670a7274af9	229	configs/workflows/scene_profiles/scene_8f0f1467_sam2_pi3x.json
scene_95be45d9_sam2_pi3x	95be45d9-a558-22da-9d6f-3d380c02f40e	99	configs/workflows/scene_profiles/scene_95be45d9_sam2_pi3x.json
scene_95be45db_sam2_pi3x	95be45db-a558-22da-9eac-5cea5debfcd8	211	configs/workflows/scene_profiles/scene_95be45db_sam2_pi3x.json
scene_9c27de4d_sam2_pi3x	9c27de4d-6184-2cda-80c6-174eddb07154	131	configs/workflows/scene_profiles/scene_9c27de4d_sam2_pi3x.json
scene_9c27de4f_sam2_pi3x	9c27de4f-6184-2cda-81d6-9c806607918e	205	configs/workflows/scene_profiles/scene_9c27de4f_sam2_pi3x.json
scene_a0905fe1_sam2_pi3x	a0905fe1-66f7-2272-9d4a-a6f6579f6751	170	configs/workflows/scene_profiles/scene_a0905fe1_sam2_pi3x.json
scene_a0905fea_sam2_pi3x	a0905fea-66f7-2272-9d2c-15612116fe96	79	configs/workflows/scene_profiles/scene_a0905fea_sam2_pi3x.json
scene_a0905fee_sam2_pi3x	a0905fee-66f7-2272-9d07-032a9a4e7cc9	249	configs/workflows/scene_profiles/scene_a0905fee_sam2_pi3x.json
scene_a0905ff2_sam2_pi3x	a0905ff2-66f7-2272-9ec9-303aefe3713c	254	configs/workflows/scene_profiles/scene_a0905ff2_sam2_pi3x.json
scene_a0906006_sam2_pi3x	a0906006-66f7-2272-9e46-51000ffe6623	233	configs/workflows/scene_profiles/scene_a0906006_sam2_pi3x.json
scene_a090600e_sam2_pi3x	a090600e-66f7-2272-9cfe-63b80d55da17	131	configs/workflows/scene_profiles/scene_a090600e_sam2_pi3x.json
scene_a38a57d8_sam2_pi3x	a38a57d8-8a91-2e91-9237-0f8c220feef5	107	configs/workflows/scene_profiles/scene_a38a57d8_sam2_pi3x.json
scene_a38a57de_sam2_pi3x	a38a57de-8a91-2e91-90b2-910244171e92	162	configs/workflows/scene_profiles/scene_a38a57de_sam2_pi3x.json
scene_a644cb8e_sam2_pi3x	a644cb8e-0ee5-2f66-9c91-1db77b5a8f96	144	configs/workflows/scene_profiles/scene_a644cb8e_sam2_pi3x.json
scene_a644cb97_sam2_pi3x	a644cb97-0ee5-2f66-9cc7-3ecaa29c19df	176	configs/workflows/scene_profiles/scene_a644cb97_sam2_pi3x.json
scene_a644cb9b_sam2_pi3x	a644cb9b-0ee5-2f66-9ee4-52027f9ba7d5	178	configs/workflows/scene_profiles/scene_a644cb9b_sam2_pi3x.json
scene_a8952595_sam2_pi3x	a8952595-9035-254b-8c74-9c22ced19216	165	configs/workflows/scene_profiles/scene_a8952595_sam2_pi3x.json
scene_ab835f9d_sam2_pi3x	ab835f9d-54c6-29a1-9aa1-f481b67b4a6d	124	configs/workflows/scene_profiles/scene_ab835f9d_sam2_pi3x.json
scene_ad408c83_sam2_pi3x	ad408c83-84db-2095-8aa4-924f966af2dc	89	configs/workflows/scene_profiles/scene_ad408c83_sam2_pi3x.json
scene_ad408c8f_sam2_pi3x	ad408c8f-84db-2095-8a45-03100fbc4f86	94	configs/workflows/scene_profiles/scene_ad408c8f_sam2_pi3x.json
scene_ad408c99_sam2_pi3x	ad408c99-84db-2095-8b23-0a011526b47b	183	configs/workflows/scene_profiles/scene_ad408c99_sam2_pi3x.json
scene_ad408cb3_sam2_pi3x	ad408cb3-84db-2095-8930-d8244e349008	121	configs/workflows/scene_profiles/scene_ad408cb3_sam2_pi3x.json
scene_ae73fa17_sam2_pi3x	ae73fa17-5a60-2398-86e8-aa1145c0c9b7	57	configs/workflows/scene_profiles/scene_ae73fa17_sam2_pi3x.json
scene_b05fdd66_sam2_pi3x	b05fdd66-fca0-2d4f-88bb-210da4439475	157	configs/workflows/scene_profiles/scene_b05fdd66_sam2_pi3x.json
scene_b05fdd8a_sam2_pi3x	b05fdd8a-fca0-2d4f-8ac5-f6ae697787f5	201	configs/workflows/scene_profiles/scene_b05fdd8a_sam2_pi3x.json
scene_b05fdd92_sam2_pi3x	b05fdd92-fca0-2d4f-89dd-723db1a8d78c	161	configs/workflows/scene_profiles/scene_b05fdd92_sam2_pi3x.json
scene_b05fdd96_sam2_pi3x	b05fdd96-fca0-2d4f-88c3-d9dfda85c00e	98	configs/workflows/scene_profiles/scene_b05fdd96_sam2_pi3x.json
scene_b05fdda4_sam2_pi3x	b05fdda4-fca0-2d4f-8beb-6172b0772f91	192	configs/workflows/scene_profiles/scene_b05fdda4_sam2_pi3x.json
scene_b05fdda6_sam2_pi3x	b05fdda6-fca0-2d4f-8973-9f8a5cdac3ad	233	configs/workflows/scene_profiles/scene_b05fdda6_sam2_pi3x.json
scene_b05fddcf_sam2_pi3x	b05fddcf-fca0-2d4f-8a01-c6bdcc9fba8d	219	configs/workflows/scene_profiles/scene_b05fddcf_sam2_pi3x.json
scene_b05fddd1_sam2_pi3x	b05fddd1-fca0-2d4f-8ab9-ecffab72e046	269	configs/workflows/scene_profiles/scene_b05fddd1_sam2_pi3x.json
scene_b05fddd9_sam2_pi3x	b05fddd9-fca0-2d4f-8904-936aa0b678e6	184	configs/workflows/scene_profiles/scene_b05fddd9_sam2_pi3x.json
scene_b1d87fb0_sam2_pi3x	b1d87fb0-e72e-2c8c-9f01-25dafeddf472	103	configs/workflows/scene_profiles/scene_b1d87fb0_sam2_pi3x.json
scene_b1f23305_sam2_pi3x	b1f23305-d255-2761-95c6-9d89279ef29e	132	configs/workflows/scene_profiles/scene_b1f23305_sam2_pi3x.json
scene_b1f23308_sam2_pi3x	b1f23308-d255-2761-94da-981d962c6bf8	125	configs/workflows/scene_profiles/scene_b1f23308_sam2_pi3x.json
scene_b1f2330c_sam2_pi3x	b1f2330c-d255-2761-965e-d203c6e253c3	118	configs/workflows/scene_profiles/scene_b1f2330c_sam2_pi3x.json
scene_b8837e16_sam2_pi3x	b8837e16-57ec-29c6-89c3-0e8b7d668f56	162	configs/workflows/scene_profiles/scene_b8837e16_sam2_pi3x.json
scene_b8837e28_sam2_pi3x	b8837e28-57ec-29c6-89cf-e1768353440f	166	configs/workflows/scene_profiles/scene_b8837e28_sam2_pi3x.json
scene_b8837e34_sam2_pi3x	b8837e34-57ec-29c6-8b50-775098de406a	106	configs/workflows/scene_profiles/scene_b8837e34_sam2_pi3x.json
scene_b8837e3a_sam2_pi3x	b8837e3a-57ec-29c6-8b54-d440ca79a11f	60	configs/workflows/scene_profiles/scene_b8837e3a_sam2_pi3x.json
scene_b901681d_sam2_pi3x	b901681d-e754-293c-8cb3-22aae72dbd42	234	configs/workflows/scene_profiles/scene_b901681d_sam2_pi3x.json
scene_ba6fda9e_sam2_pi3x	ba6fda9e-a4c1-2dca-8381-c08ad16a6170	107	configs/workflows/scene_profiles/scene_ba6fda9e_sam2_pi3x.json
scene_ba6fdaa2_sam2_pi3x	ba6fdaa2-a4c1-2dca-81a8-2aacd785edd7	81	configs/workflows/scene_profiles/scene_ba6fdaa2_sam2_pi3x.json
scene_ba6fdaae_sam2_pi3x	ba6fdaae-a4c1-2dca-8240-6fbe1cb25eb4	121	configs/workflows/scene_profiles/scene_ba6fdaae_sam2_pi3x.json
scene_ba6fdab4_sam2_pi3x	ba6fdab4-a4c1-2dca-83e2-f5878fdf688a	165	configs/workflows/scene_profiles/scene_ba6fdab4_sam2_pi3x.json
scene_baf67389_sam2_pi3x	baf67389-8e94-22f8-8055-1d869ecfede9	226	configs/workflows/scene_profiles/scene_baf67389_sam2_pi3x.json
scene_baf6738b_sam2_pi3x	baf6738b-8e94-22f8-8085-24c4e5ef5220	203	configs/workflows/scene_profiles/scene_baf6738b_sam2_pi3x.json
scene_baf673a6_sam2_pi3x	baf673a6-8e94-22f8-8047-575f7de04f21	129	configs/workflows/scene_profiles/scene_baf673a6_sam2_pi3x.json
scene_baf673a8_sam2_pi3x	baf673a8-8e94-22f8-837d-d39420725d90	145	configs/workflows/scene_profiles/scene_baf673a8_sam2_pi3x.json
scene_baf673ac_sam2_pi3x	baf673ac-8e94-22f8-83d4-31a21cc201af	139	configs/workflows/scene_profiles/scene_baf673ac_sam2_pi3x.json
scene_bcb0fe06_sam2_pi3x	bcb0fe06-4f39-2c70-9c24-a8dd7496c2f8	83	configs/workflows/scene_profiles/scene_bcb0fe06_sam2_pi3x.json
scene_bcb0fe0a_sam2_pi3x	bcb0fe0a-4f39-2c70-9d5f-a7263a0180ca	181	configs/workflows/scene_profiles/scene_bcb0fe0a_sam2_pi3x.json
scene_bcb0fe0e_sam2_pi3x	bcb0fe0e-4f39-2c70-9e02-22b2f980cc35	148	configs/workflows/scene_profiles/scene_bcb0fe0e_sam2_pi3x.json
scene_bcb0fe10_sam2_pi3x	bcb0fe10-4f39-2c70-9c4e-602f1186d2e9	193	configs/workflows/scene_profiles/scene_bcb0fe10_sam2_pi3x.json
scene_bcb0fe17_sam2_pi3x	bcb0fe17-4f39-2c70-9d19-dafd03e967d8	139	configs/workflows/scene_profiles/scene_bcb0fe17_sam2_pi3x.json
scene_bcb0fe1b_sam2_pi3x	bcb0fe1b-4f39-2c70-9f8c-2256ea9752ab	147	configs/workflows/scene_profiles/scene_bcb0fe1b_sam2_pi3x.json
scene_bcb0fe1f_sam2_pi3x	bcb0fe1f-4f39-2c70-9e7f-a9d783c159fc	178	configs/workflows/scene_profiles/scene_bcb0fe1f_sam2_pi3x.json
scene_bcb0fe27_sam2_pi3x	bcb0fe27-4f39-2c70-9dae-5c8625b3553d	117	configs/workflows/scene_profiles/scene_bcb0fe27_sam2_pi3x.json
scene_bcb0fe2d_sam2_pi3x	bcb0fe2d-4f39-2c70-9d1a-49a4a6868d7d	112	configs/workflows/scene_profiles/scene_bcb0fe2d_sam2_pi3x.json
scene_bcb0fe33_sam2_pi3x	bcb0fe33-4f39-2c70-9cb1-081014d8a9b8	216	configs/workflows/scene_profiles/scene_bcb0fe33_sam2_pi3x.json
scene_bf9a3da2_sam2_pi3x	bf9a3da2-45a5-2e80-8219-1f0a216399fe	186	configs/workflows/scene_profiles/scene_bf9a3da2_sam2_pi3x.json
scene_bf9a3dac_sam2_pi3x	bf9a3dac-45a5-2e80-8073-0fe4e80c0e99	185	configs/workflows/scene_profiles/scene_bf9a3dac_sam2_pi3x.json
scene_bf9a3db6_sam2_pi3x	bf9a3db6-45a5-2e80-825a-e599db74ba26	107	configs/workflows/scene_profiles/scene_bf9a3db6_sam2_pi3x.json
scene_bf9a3dba_sam2_pi3x	bf9a3dba-45a5-2e80-8282-0ee19d0447c7	129	configs/workflows/scene_profiles/scene_bf9a3dba_sam2_pi3x.json
scene_bf9a3dc9_sam2_pi3x	bf9a3dc9-45a5-2e80-80cc-29579f2928e6	121	configs/workflows/scene_profiles/scene_bf9a3dc9_sam2_pi3x.json
scene_bf9a3dcb_sam2_pi3x	bf9a3dcb-45a5-2e80-83df-181fa8da160f	223	configs/workflows/scene_profiles/scene_bf9a3dcb_sam2_pi3x.json
scene_bf9a3dd3_sam2_pi3x	bf9a3dd3-45a5-2e80-8163-8a5b2573aca4	113	configs/workflows/scene_profiles/scene_bf9a3dd3_sam2_pi3x.json
scene_bf9a3dd7_sam2_pi3x	bf9a3dd7-45a5-2e80-8330-58904c51c1a9	124	configs/workflows/scene_profiles/scene_bf9a3dd7_sam2_pi3x.json
scene_bf9a3de7_sam2_pi3x	bf9a3de7-45a5-2e80-81a4-fd6126f6417b	81	configs/workflows/scene_profiles/scene_bf9a3de7_sam2_pi3x.json
scene_bf9a3de9_sam2_pi3x	bf9a3de9-45a5-2e80-8022-277108d67404	110	configs/workflows/scene_profiles/scene_bf9a3de9_sam2_pi3x.json
scene_bf9a3df5_sam2_pi3x	bf9a3df5-45a5-2e80-82c1-b108dc9a3fbe	217	configs/workflows/scene_profiles/scene_bf9a3df5_sam2_pi3x.json
scene_c6707938_sam2_pi3x	c6707938-2ecb-2de2-811c-69f6f7a0e638	236	configs/workflows/scene_profiles/scene_c6707938_sam2_pi3x.json
scene_c7895f0d_sam2_pi3x	c7895f0d-339c-2d13-837c-6e5d8b7be7a8	127	configs/workflows/scene_profiles/scene_c7895f0d_sam2_pi3x.json
scene_c7895f1d_sam2_pi3x	c7895f1d-339c-2d13-820f-f998ab956707	202	configs/workflows/scene_profiles/scene_c7895f1d_sam2_pi3x.json
scene_c7895f23_sam2_pi3x	c7895f23-339c-2d13-818e-2375ea0ba6d6	115	configs/workflows/scene_profiles/scene_c7895f23_sam2_pi3x.json
scene_c7895f27_sam2_pi3x	c7895f27-339c-2d13-836b-c12dca280261	189	configs/workflows/scene_profiles/scene_c7895f27_sam2_pi3x.json
scene_c7895f2f_sam2_pi3x	c7895f2f-339c-2d13-8388-28e95af958de	271	configs/workflows/scene_profiles/scene_c7895f2f_sam2_pi3x.json
scene_c7895f35_sam2_pi3x	c7895f35-339c-2d13-805c-47570e126422	153	configs/workflows/scene_profiles/scene_c7895f35_sam2_pi3x.json
scene_c7895f3e_sam2_pi3x	c7895f3e-339c-2d13-832a-b3636f113063	134	configs/workflows/scene_profiles/scene_c7895f3e_sam2_pi3x.json
scene_c7895f42_sam2_pi3x	c7895f42-339c-2d13-814f-994062b318b0	108	configs/workflows/scene_profiles/scene_c7895f42_sam2_pi3x.json
scene_c7895f46_sam2_pi3x	c7895f46-339c-2d13-81c6-395674134ef2	148	configs/workflows/scene_profiles/scene_c7895f46_sam2_pi3x.json
scene_c7895f4e_sam2_pi3x	c7895f4e-339c-2d13-80d3-90eaa1403a25	77	configs/workflows/scene_profiles/scene_c7895f4e_sam2_pi3x.json
scene_c7895f5f_sam2_pi3x	c7895f5f-339c-2d13-82db-e99a08b5f679	123	configs/workflows/scene_profiles/scene_c7895f5f_sam2_pi3x.json
scene_c7895f6f_sam2_pi3x	c7895f6f-339c-2d13-830a-81f71c3bfb78	97	configs/workflows/scene_profiles/scene_c7895f6f_sam2_pi3x.json
scene_c7895f74_sam2_pi3x	c7895f74-339c-2d13-8030-f7f2f8504589	151	configs/workflows/scene_profiles/scene_c7895f74_sam2_pi3x.json
scene_c7895f7c_sam2_pi3x	c7895f7c-339c-2d13-819f-3bb0b26c91f6	174	configs/workflows/scene_profiles/scene_c7895f7c_sam2_pi3x.json
scene_c7895f80_sam2_pi3x	c7895f80-339c-2d13-8253-64b490296e49	118	configs/workflows/scene_profiles/scene_c7895f80_sam2_pi3x.json
scene_c7895f86_sam2_pi3x	c7895f86-339c-2d13-82c8-3976988cd327	64	configs/workflows/scene_profiles/scene_c7895f86_sam2_pi3x.json
scene_c7895f8f_sam2_pi3x	c7895f8f-339c-2d13-81a3-84bc18b475b5	87	configs/workflows/scene_profiles/scene_c7895f8f_sam2_pi3x.json
scene_c92fb586_sam2_pi3x	c92fb586-f771-2064-8678-a16eca03ac79	197	configs/workflows/scene_profiles/scene_c92fb586_sam2_pi3x.json
scene_c92fb594_sam2_pi3x	c92fb594-f771-2064-879b-cc598a9dabe5	291	configs/workflows/scene_profiles/scene_c92fb594_sam2_pi3x.json
scene_c92fb5b3_sam2_pi3x	c92fb5b3-f771-2064-86f2-f14da264bfcf	255	configs/workflows/scene_profiles/scene_c92fb5b3_sam2_pi3x.json
scene_c92fb5b5_sam2_pi3x	c92fb5b5-f771-2064-8570-dbe16cb33764	284	configs/workflows/scene_profiles/scene_c92fb5b5_sam2_pi3x.json
scene_c9fb7aa1_sam2_pi3x	c9fb7aa1-2a5b-2cf7-9222-6f111cb28b2b	106	configs/workflows/scene_profiles/scene_c9fb7aa1_sam2_pi3x.json
scene_c9fb7aa5_sam2_pi3x	c9fb7aa5-2a5b-2cf7-902e-42a0339c7242	91	configs/workflows/scene_profiles/scene_c9fb7aa5_sam2_pi3x.json
scene_d63767be_sam2_pi3x	d63767be-3205-226c-9a89-3a27969053a7	131	configs/workflows/scene_profiles/scene_d63767be_sam2_pi3x.json
scene_d63767c3_sam2_pi3x	d63767c3-3205-226c-98c2-fdccc047d36e	118	configs/workflows/scene_profiles/scene_d63767c3_sam2_pi3x.json
scene_d7d40d39_sam2_pi3x	d7d40d39-7a5d-2b36-972e-a7c800ca7bbf	201	configs/workflows/scene_profiles/scene_d7d40d39_sam2_pi3x.json
scene_d7d40d3e_sam2_pi3x	d7d40d3e-7a5d-2b36-97b3-dd11abc0e876	145	configs/workflows/scene_profiles/scene_d7d40d3e_sam2_pi3x.json
scene_d7d40d48_sam2_pi3x	d7d40d48-7a5d-2b36-97ad-692c9b56b508	79	configs/workflows/scene_profiles/scene_d7d40d48_sam2_pi3x.json
scene_d7d40d4e_sam2_pi3x	d7d40d4e-7a5d-2b36-97e7-34324c52ac42	109	configs/workflows/scene_profiles/scene_d7d40d4e_sam2_pi3x.json
scene_d7d40d5c_sam2_pi3x	d7d40d5c-7a5d-2b36-9433-ee98b893988d	287	configs/workflows/scene_profiles/scene_d7d40d5c_sam2_pi3x.json
scene_d9725be1_sam2_pi3x	d9725be1-7513-2d91-8723-770169ff5b75	248	configs/workflows/scene_profiles/scene_d9725be1_sam2_pi3x.json
scene_dbeb4cee_sam2_pi3x	dbeb4cee-faf9-2324-991e-79c1f7e0b908	229	configs/workflows/scene_profiles/scene_dbeb4cee_sam2_pi3x.json
scene_dbeb4d09_sam2_pi3x	dbeb4d09-faf9-2324-9b85-dabd70dba4d0	131	configs/workflows/scene_profiles/scene_dbeb4d09_sam2_pi3x.json
scene_dbeb4d1b_sam2_pi3x	dbeb4d1b-faf9-2324-9ac8-cbad7aa51d12	178	configs/workflows/scene_profiles/scene_dbeb4d1b_sam2_pi3x.json
scene_ddc7379d_sam2_pi3x	ddc7379d-765b-241a-9f0b-50b72d6cd829	99	configs/workflows/scene_profiles/scene_ddc7379d_sam2_pi3x.json
scene_ddc737a5_sam2_pi3x	ddc737a5-765b-241a-9cd2-c6e7a89aa43d	162	configs/workflows/scene_profiles/scene_ddc737a5_sam2_pi3x.json
scene_ddc737a7_sam2_pi3x	ddc737a7-765b-241a-9f27-0958b929deb5	69	configs/workflows/scene_profiles/scene_ddc737a7_sam2_pi3x.json
scene_ddc737ad_sam2_pi3x	ddc737ad-765b-241a-9d9f-1f19fab18318	172	configs/workflows/scene_profiles/scene_ddc737ad_sam2_pi3x.json
scene_ddc737b1_sam2_pi3x	ddc737b1-765b-241a-9c21-a4e2674b2853	276	configs/workflows/scene_profiles/scene_ddc737b1_sam2_pi3x.json
scene_e3004a81_sam2_pi3x	e3004a81-9f2a-2778-874e-fa76b0e67096	285	configs/workflows/scene_profiles/scene_e3004a81_sam2_pi3x.json
scene_ebc42044_sam2_pi3x	ebc42044-82a4-2113-8789-1c8c8bb7cbcd	130	configs/workflows/scene_profiles/scene_ebc42044_sam2_pi3x.json
scene_f62fd5f8_sam2_pi3x	f62fd5f8-9a3f-2f44-8b1e-1289a3a61e26	293	configs/workflows/scene_profiles/scene_f62fd5f8_sam2_pi3x.json
scene_f62fd5ff_sam2_pi3x	f62fd5ff-9a3f-2f44-894c-462b3997d695	218	configs/workflows/scene_profiles/scene_f62fd5ff_sam2_pi3x.json
scene_fcf66d7b_sam2_pi3x	fcf66d7b-622d-291c-86b8-7db96aebcee3	130	configs/workflows/scene_profiles/scene_fcf66d7b_sam2_pi3x.json
scene_fcf66d8e_sam2_pi3x	fcf66d8e-622d-291c-86ef-f8f2b3db7f74	177	configs/workflows/scene_profiles/scene_fcf66d8e_sam2_pi3x.json
scene_fcf66d94_sam2_pi3x	fcf66d94-622d-291c-85fc-284b68d64c81	167	configs/workflows/scene_profiles/scene_fcf66d94_sam2_pi3x.json
scene_fcf66daa_sam2_pi3x	fcf66daa-622d-291c-8548-a1163ee299b4	195	configs/workflows/scene_profiles/scene_fcf66daa_sam2_pi3x.json
